USE [master]
GO
/****** Object:  Database [Municipalidad]    Script Date: 18/02/2021 11:39:49 ******/
CREATE DATABASE [Municipalidad]
 CONTAINMENT = NONE
 ON  PRIMARY 
( NAME = N'Municipalidad', FILENAME = N'C:\Program Files\Microsoft SQL Server\MSSQL12.MSSQLSERVER\MSSQL\DATA\Municipalidad.mdf' , SIZE = 4288KB , MAXSIZE = UNLIMITED, FILEGROWTH = 1024KB )
 LOG ON 
( NAME = N'Municipalidad_log', FILENAME = N'C:\Program Files\Microsoft SQL Server\MSSQL12.MSSQLSERVER\MSSQL\DATA\Municipalidad_log.ldf' , SIZE = 1072KB , MAXSIZE = 2048GB , FILEGROWTH = 10%)
GO
ALTER DATABASE [Municipalidad] SET COMPATIBILITY_LEVEL = 120
GO
IF (1 = FULLTEXTSERVICEPROPERTY('IsFullTextInstalled'))
begin
EXEC [Municipalidad].[dbo].[sp_fulltext_database] @action = 'enable'
end
GO
ALTER DATABASE [Municipalidad] SET ANSI_NULL_DEFAULT OFF 
GO
ALTER DATABASE [Municipalidad] SET ANSI_NULLS OFF 
GO
ALTER DATABASE [Municipalidad] SET ANSI_PADDING OFF 
GO
ALTER DATABASE [Municipalidad] SET ANSI_WARNINGS OFF 
GO
ALTER DATABASE [Municipalidad] SET ARITHABORT OFF 
GO
ALTER DATABASE [Municipalidad] SET AUTO_CLOSE ON 
GO
ALTER DATABASE [Municipalidad] SET AUTO_SHRINK OFF 
GO
ALTER DATABASE [Municipalidad] SET AUTO_UPDATE_STATISTICS ON 
GO
ALTER DATABASE [Municipalidad] SET CURSOR_CLOSE_ON_COMMIT OFF 
GO
ALTER DATABASE [Municipalidad] SET CURSOR_DEFAULT  GLOBAL 
GO
ALTER DATABASE [Municipalidad] SET CONCAT_NULL_YIELDS_NULL OFF 
GO
ALTER DATABASE [Municipalidad] SET NUMERIC_ROUNDABORT OFF 
GO
ALTER DATABASE [Municipalidad] SET QUOTED_IDENTIFIER OFF 
GO
ALTER DATABASE [Municipalidad] SET RECURSIVE_TRIGGERS OFF 
GO
ALTER DATABASE [Municipalidad] SET  ENABLE_BROKER 
GO
ALTER DATABASE [Municipalidad] SET AUTO_UPDATE_STATISTICS_ASYNC OFF 
GO
ALTER DATABASE [Municipalidad] SET DATE_CORRELATION_OPTIMIZATION OFF 
GO
ALTER DATABASE [Municipalidad] SET TRUSTWORTHY OFF 
GO
ALTER DATABASE [Municipalidad] SET ALLOW_SNAPSHOT_ISOLATION OFF 
GO
ALTER DATABASE [Municipalidad] SET PARAMETERIZATION SIMPLE 
GO
ALTER DATABASE [Municipalidad] SET READ_COMMITTED_SNAPSHOT OFF 
GO
ALTER DATABASE [Municipalidad] SET HONOR_BROKER_PRIORITY OFF 
GO
ALTER DATABASE [Municipalidad] SET RECOVERY SIMPLE 
GO
ALTER DATABASE [Municipalidad] SET  MULTI_USER 
GO
ALTER DATABASE [Municipalidad] SET PAGE_VERIFY CHECKSUM  
GO
ALTER DATABASE [Municipalidad] SET DB_CHAINING OFF 
GO
ALTER DATABASE [Municipalidad] SET FILESTREAM( NON_TRANSACTED_ACCESS = OFF ) 
GO
ALTER DATABASE [Municipalidad] SET TARGET_RECOVERY_TIME = 0 SECONDS 
GO
ALTER DATABASE [Municipalidad] SET DELAYED_DURABILITY = DISABLED 
GO
USE [Municipalidad]
GO
/****** Object:  Table [dbo].[Asignacion_Familiar]    Script Date: 18/02/2021 11:39:49 ******/
SET ANSI_NULLS ON
GO
SET QUOTED_IDENTIFIER ON
GO
CREATE TABLE [dbo].[Asignacion_Familiar](
	[Tramo] [smallint] NOT NULL,
	[Monto] [int] NULL,
	[Requisito_De_Sistema] [varchar](50) NULL,
PRIMARY KEY CLUSTERED 
(
	[Tramo] ASC
)WITH (PAD_INDEX = OFF, STATISTICS_NORECOMPUTE = OFF, IGNORE_DUP_KEY = OFF, ALLOW_ROW_LOCKS = ON, ALLOW_PAGE_LOCKS = ON) ON [PRIMARY]
) ON [PRIMARY]
GO
/****** Object:  Table [dbo].[Causante]    Script Date: 18/02/2021 11:39:49 ******/
SET ANSI_NULLS ON
GO
SET QUOTED_IDENTIFIER ON
GO
CREATE TABLE [dbo].[Causante](
	[NUM_CORRELATIVO] [smallint] NOT NULL,
	[RUT_CAUSANTE] [nvarchar](50) NULL,
	[NOMBRE_CAUSANTE] [nvarchar](50) NULL,
	[CODIGO_TIPO_CAUSANTE] [int] NULL,
	[TIPO_CAUSANTE] [nvarchar](100) NULL,
	[RUT_BENEFICIARIO] [nvarchar](50) NULL,
	[NOMBRE_BENEFICIARIO] [nvarchar](50) NULL,
	[CODIGO_TIPO_BENEFICIARIO] [int] NULL,
	[TIPO_BENEFICIARIO] [nvarchar](50) NULL,
	[CODIGO_TIPO_BENEFICIO] [int] NULL,
	[TIPO_BENEFICIO] [nvarchar](50) NULL,
	[RUT_EMPLEADOR] [nvarchar](50) NULL,
	[NOMBRE_EMPLEADOR] [nvarchar](50) NULL,
	[FECHA_RECONOCIMIENTO] [date] NULL,
	[TRAMO] [smallint] NOT NULL,
	[MONTO_BENEFICIO] [int] NULL,
	[CODIGO_ESTADO_TUPLA] [int] NULL,
	[GLOSA_ESTADO_TUPLA] [nvarchar](50) NULL,
	[PROMEDIO_RENTA] [int] NULL,
PRIMARY KEY CLUSTERED 
(
	[NUM_CORRELATIVO] ASC
)WITH (PAD_INDEX = OFF, STATISTICS_NORECOMPUTE = OFF, IGNORE_DUP_KEY = OFF, ALLOW_ROW_LOCKS = ON, ALLOW_PAGE_LOCKS = ON) ON [PRIMARY]
) ON [PRIMARY]
GO
/****** Object:  Table [dbo].[Documento]    Script Date: 18/02/2021 11:39:49 ******/
SET ANSI_NULLS ON
GO
SET QUOTED_IDENTIFIER ON
GO
CREATE TABLE [dbo].[Documento](
	[id_Documento] [int] NOT NULL,
	[Nombre] [varchar](100) NULL,
	[NombreReal] [varchar](100) NULL,
	[documento] [varbinary](max) NULL,
	[Fecha] [date] NULL,
PRIMARY KEY CLUSTERED 
(
	[id_Documento] ASC
)WITH (PAD_INDEX = OFF, STATISTICS_NORECOMPUTE = OFF, IGNORE_DUP_KEY = OFF, ALLOW_ROW_LOCKS = ON, ALLOW_PAGE_LOCKS = ON) ON [PRIMARY]
) ON [PRIMARY] TEXTIMAGE_ON [PRIMARY]
GO
/****** Object:  Table [dbo].[Funcionario]    Script Date: 18/02/2021 11:39:49 ******/
SET ANSI_NULLS ON
GO
SET QUOTED_IDENTIFIER ON
GO
CREATE TABLE [dbo].[Funcionario](
	[Id_Funcionario] [smallint] NOT NULL,
	[Activo] [smallint] NULL,
	[Rut] [varchar](10) NULL,
	[Apellidos] [varchar](40) NULL,
	[Nombres] [varchar](40) NULL,
	[Sexo] [smallint] NULL,
	[EstadoCivil] [smallint] NULL,
	[Fec_nacimiento] [datetime] NULL,
	[Direccion] [varchar](40) NULL,
	[RentaPromedio] [int] NULL,
PRIMARY KEY CLUSTERED 
(
	[Id_Funcionario] ASC
)WITH (PAD_INDEX = OFF, STATISTICS_NORECOMPUTE = OFF, IGNORE_DUP_KEY = OFF, ALLOW_ROW_LOCKS = ON, ALLOW_PAGE_LOCKS = ON) ON [PRIMARY]
) ON [PRIMARY]
GO
INSERT [dbo].[Asignacion_Familiar] ([Tramo], [Monto], [Requisito_De_Sistema]) VALUES (1, 13401, N'Renta < o = $ 342.246')
GO
INSERT [dbo].[Asignacion_Familiar] ([Tramo], [Monto], [Requisito_De_Sistema]) VALUES (2, 8224, N'Renta > $ 342.246 <= $ 500.033')
GO
INSERT [dbo].[Asignacion_Familiar] ([Tramo], [Monto], [Requisito_De_Sistema]) VALUES (3, 2599, N'Renta > $ 500.033 <= $ 779.882')
GO
INSERT [dbo].[Asignacion_Familiar] ([Tramo], [Monto], [Requisito_De_Sistema]) VALUES (4, 0, N'Renta  > $ 779.882')
GO
INSERT [dbo].[Causante] ([NUM_CORRELATIVO], [RUT_CAUSANTE], [NOMBRE_CAUSANTE], [CODIGO_TIPO_CAUSANTE], [TIPO_CAUSANTE], [RUT_BENEFICIARIO], [NOMBRE_BENEFICIARIO], [CODIGO_TIPO_BENEFICIARIO], [TIPO_BENEFICIARIO], [CODIGO_TIPO_BENEFICIO], [TIPO_BENEFICIO], [RUT_EMPLEADOR], [NOMBRE_EMPLEADOR], [FECHA_RECONOCIMIENTO], [TRAMO], [MONTO_BENEFICIO], [CODIGO_ESTADO_TUPLA], [GLOSA_ESTADO_TUPLA], [PROMEDIO_RENTA]) VALUES (1, N'24631073-4', N'GONZALEZ ACEVEDO FELIPE', 4, N'HIJO INCLUIDO EL ADOPTADO Y EL HIJASTRO, MENOR O IGUAL A 18 ANOS', N'13635889-8', N'ACEVEDO ITURRIETA CARINA DEL CARMEN', 1, N'TRABAJADOR DEPENDIENTE', 1, N'ASIGNACION FAMILIAR', N'69060900-2', N'ILUSTRE MUNICIPALIDAD DE VALPARAISO', CAST(N'2020-07-01' AS Date), 1, 13401, 1, N'RECONOCIMIENTO VIGENTE', 25000)
GO
INSERT [dbo].[Causante] ([NUM_CORRELATIVO], [RUT_CAUSANTE], [NOMBRE_CAUSANTE], [CODIGO_TIPO_CAUSANTE], [TIPO_CAUSANTE], [RUT_BENEFICIARIO], [NOMBRE_BENEFICIARIO], [CODIGO_TIPO_BENEFICIARIO], [TIPO_BENEFICIARIO], [CODIGO_TIPO_BENEFICIO], [TIPO_BENEFICIO], [RUT_EMPLEADOR], [NOMBRE_EMPLEADOR], [FECHA_RECONOCIMIENTO], [TRAMO], [MONTO_BENEFICIO], [CODIGO_ESTADO_TUPLA], [GLOSA_ESTADO_TUPLA], [PROMEDIO_RENTA]) VALUES (2, N'21866193-9', N'GONZALEZ ACEVEDO KEVIN', 4, N'HIJO INCLUIDO EL ADOPTADO Y EL HIJASTRO, MENOR O IGUAL A 18 ANOS', N'13635889-8', N'ACEVEDO ITURRIETA CARINA DEL CARMEN', 1, N'TRABAJADOR DEPENDIENTE', 1, N'ASIGNACION FAMILIAR', N'69060900-2', N'ILUSTRE MUNICIPALIDAD DE VALPARAISO', CAST(N'2020-07-01' AS Date), 1, 13401, 1, N'RECONOCIMIENTO VIGENTE', 8000)
GO
INSERT [dbo].[Causante] ([NUM_CORRELATIVO], [RUT_CAUSANTE], [NOMBRE_CAUSANTE], [CODIGO_TIPO_CAUSANTE], [TIPO_CAUSANTE], [RUT_BENEFICIARIO], [NOMBRE_BENEFICIARIO], [CODIGO_TIPO_BENEFICIARIO], [TIPO_BENEFICIARIO], [CODIGO_TIPO_BENEFICIO], [TIPO_BENEFICIO], [RUT_EMPLEADOR], [NOMBRE_EMPLEADOR], [FECHA_RECONOCIMIENTO], [TRAMO], [MONTO_BENEFICIO], [CODIGO_ESTADO_TUPLA], [GLOSA_ESTADO_TUPLA], [PROMEDIO_RENTA]) VALUES (3, N'21192170-6', N'GONZALEZ ACEVEDO YISELLE', 4, N'HIJO INCLUIDO EL ADOPTADO Y EL HIJASTRO, MENOR O IGUAL A 18 ANOS', N'13635889-8', N'ACEVEDO ITURRIETA CARINA DEL CARMEN', 1, N'TRABAJADOR DEPENDIENTE', 1, N'ASIGNACION FAMILIAR', N'69060900-2', N'ILUSTRE MUNICIPALIDAD DE VALPARAISO', CAST(N'2020-07-01' AS Date), 1, 13401, 1, N'RECONOCIMIENTO VIGENTE', 49846)
GO
INSERT [dbo].[Causante] ([NUM_CORRELATIVO], [RUT_CAUSANTE], [NOMBRE_CAUSANTE], [CODIGO_TIPO_CAUSANTE], [TIPO_CAUSANTE], [RUT_BENEFICIARIO], [NOMBRE_BENEFICIARIO], [CODIGO_TIPO_BENEFICIARIO], [TIPO_BENEFICIARIO], [CODIGO_TIPO_BENEFICIO], [TIPO_BENEFICIO], [RUT_EMPLEADOR], [NOMBRE_EMPLEADOR], [FECHA_RECONOCIMIENTO], [TRAMO], [MONTO_BENEFICIO], [CODIGO_ESTADO_TUPLA], [GLOSA_ESTADO_TUPLA], [PROMEDIO_RENTA]) VALUES (4, N'19775610-1', N'LOPEZ CAYUPI ANDREA CAMILA', 6, N'HIJO INCLUIDO EL ADOPTADO Y EL HIJASTRO, ENTRE 18 Y 24 ANOS (EST.)', N'11436718-4', N'LOPEZ FREIRE CLAUDIO ANDRES', 1, N'TRABAJADOR DEPENDIENTE', 1, N'ASIGNACION FAMILIAR', N'69060900-2', N'ILUSTRE MUNICIPALIDAD DE VALPARAISO', CAST(N'2020-04-01' AS Date), 1, 13401, 1, N'RECONOCIMIENTO VIGENTE', 120000)
GO
INSERT [dbo].[Causante] ([NUM_CORRELATIVO], [RUT_CAUSANTE], [NOMBRE_CAUSANTE], [CODIGO_TIPO_CAUSANTE], [TIPO_CAUSANTE], [RUT_BENEFICIARIO], [NOMBRE_BENEFICIARIO], [CODIGO_TIPO_BENEFICIARIO], [TIPO_BENEFICIARIO], [CODIGO_TIPO_BENEFICIO], [TIPO_BENEFICIO], [RUT_EMPLEADOR], [NOMBRE_EMPLEADOR], [FECHA_RECONOCIMIENTO], [TRAMO], [MONTO_BENEFICIO], [CODIGO_ESTADO_TUPLA], [GLOSA_ESTADO_TUPLA], [PROMEDIO_RENTA]) VALUES (5, N'20476169-8', N'CARTER DE LA PAZ JAVIERA FRANCISCA', 6, N'HIJO INCLUIDO EL ADOPTADO Y EL HIJASTRO, ENTRE 18 Y 24 ANOS (EST.)', N'10731809-7', N'CARTER VASQUEZ JORGE GUILLERMO', 1, N'TRABAJADOR DEPENDIENTE', 1, N'ASIGNACION FAMILIAR', N'69060900-2', N'ILUSTRE MUNICIPALIDAD DE VALPARAISO', CAST(N'2020-01-01' AS Date), 4, 0, 1, N'RECONOCIMIENTO VIGENTE', 795423)
GO
INSERT [dbo].[Causante] ([NUM_CORRELATIVO], [RUT_CAUSANTE], [NOMBRE_CAUSANTE], [CODIGO_TIPO_CAUSANTE], [TIPO_CAUSANTE], [RUT_BENEFICIARIO], [NOMBRE_BENEFICIARIO], [CODIGO_TIPO_BENEFICIARIO], [TIPO_BENEFICIARIO], [CODIGO_TIPO_BENEFICIO], [TIPO_BENEFICIO], [RUT_EMPLEADOR], [NOMBRE_EMPLEADOR], [FECHA_RECONOCIMIENTO], [TRAMO], [MONTO_BENEFICIO], [CODIGO_ESTADO_TUPLA], [GLOSA_ESTADO_TUPLA], [PROMEDIO_RENTA]) VALUES (6, N'27276412-3', N'CABELLO PU?O LUCIANO ARIEL', 4, N'HIJO INCLUIDO EL ADOPTADO Y EL HIJASTRO, MENOR O IGUAL A 18 ANOS', N'16778385-6', N'CABELLO TAPIA CESAR ANTONIO', 1, N'TRABAJADOR DEPENDIENTE', 1, N'ASIGNACION FAMILIAR', N'69060900-2', N'ILUSTRE MUNICIPALIDAD DE VALPARAISO', CAST(N'2020-05-11' AS Date), 1, 13401, 1, N'RECONOCIMIENTO VIGENTE', 78054)
GO
INSERT [dbo].[Causante] ([NUM_CORRELATIVO], [RUT_CAUSANTE], [NOMBRE_CAUSANTE], [CODIGO_TIPO_CAUSANTE], [TIPO_CAUSANTE], [RUT_BENEFICIARIO], [NOMBRE_BENEFICIARIO], [CODIGO_TIPO_BENEFICIARIO], [TIPO_BENEFICIARIO], [CODIGO_TIPO_BENEFICIO], [TIPO_BENEFICIO], [RUT_EMPLEADOR], [NOMBRE_EMPLEADOR], [FECHA_RECONOCIMIENTO], [TRAMO], [MONTO_BENEFICIO], [CODIGO_ESTADO_TUPLA], [GLOSA_ESTADO_TUPLA], [PROMEDIO_RENTA]) VALUES (7, N'20173329-4', N'LEON MARTINEZ VALERIA ANDREA', 6, N'HIJO INCLUIDO EL ADOPTADO Y EL HIJASTRO, ENTRE 18 Y 24 ANOS (EST.)', N'10881179-K', N'MARTINEZ ALMONACID SANDRA MARIA', 1, N'TRABAJADOR DEPENDIENTE', 1, N'ASIGNACION FAMILIAR', N'69060900-2', N'TRABAJADOR PRO EMPLEO', CAST(N'2020-01-01' AS Date), 1, 13401, 1, N'RECONOCIMIENTO VIGENTE', 69822)
GO
INSERT [dbo].[Causante] ([NUM_CORRELATIVO], [RUT_CAUSANTE], [NOMBRE_CAUSANTE], [CODIGO_TIPO_CAUSANTE], [TIPO_CAUSANTE], [RUT_BENEFICIARIO], [NOMBRE_BENEFICIARIO], [CODIGO_TIPO_BENEFICIARIO], [TIPO_BENEFICIARIO], [CODIGO_TIPO_BENEFICIO], [TIPO_BENEFICIO], [RUT_EMPLEADOR], [NOMBRE_EMPLEADOR], [FECHA_RECONOCIMIENTO], [TRAMO], [MONTO_BENEFICIO], [CODIGO_ESTADO_TUPLA], [GLOSA_ESTADO_TUPLA], [PROMEDIO_RENTA]) VALUES (8, N'20732930-4', N'ARREDONDO ALCORCE CAMILA BELEN', 6, N'HIJO INCLUIDO EL ADOPTADO Y EL HIJASTRO, ENTRE 18 Y 24 ANOS (EST.)', N'12229699-7', N'ALCORCE RAMIREZ EVELYN', 1, N'TRABAJADOR DEPENDIENTE', 1, N'ASIGNACION FAMILIAR', N'69060900-2', N'TRABAJADOR PRO EMPLEO', CAST(N'2020-01-01' AS Date), 2, 8224, 1, N'RECONOCIMIENTO VIGENTE', 498864)
GO
INSERT [dbo].[Causante] ([NUM_CORRELATIVO], [RUT_CAUSANTE], [NOMBRE_CAUSANTE], [CODIGO_TIPO_CAUSANTE], [TIPO_CAUSANTE], [RUT_BENEFICIARIO], [NOMBRE_BENEFICIARIO], [CODIGO_TIPO_BENEFICIARIO], [TIPO_BENEFICIARIO], [CODIGO_TIPO_BENEFICIO], [TIPO_BENEFICIO], [RUT_EMPLEADOR], [NOMBRE_EMPLEADOR], [FECHA_RECONOCIMIENTO], [TRAMO], [MONTO_BENEFICIO], [CODIGO_ESTADO_TUPLA], [GLOSA_ESTADO_TUPLA], [PROMEDIO_RENTA]) VALUES (9, N'25431327-0', N'VALENZUELA VEGA FACUNDO ALONSO', 5, N'HIJO INCLUIDO EL ADOPTADO Y EL HIJASTRO, INVALIDO SIN LIMITE DE EDAD', N'13996678-3', N'VALENZUELA HERRERA OSCAR ARSENIO', 1, N'TRABAJADOR DEPENDIENTE', 1, N'ASIGNACION FAMILIAR', N'69060900-2', N'ILUSTRE MUNICIPALIDAD DE VALPARAISO', CAST(N'2020-04-30' AS Date), 1, 13401, 1, N'RECONOCIMIENTO VIGENTE', 65454)
GO
INSERT [dbo].[Causante] ([NUM_CORRELATIVO], [RUT_CAUSANTE], [NOMBRE_CAUSANTE], [CODIGO_TIPO_CAUSANTE], [TIPO_CAUSANTE], [RUT_BENEFICIARIO], [NOMBRE_BENEFICIARIO], [CODIGO_TIPO_BENEFICIARIO], [TIPO_BENEFICIARIO], [CODIGO_TIPO_BENEFICIO], [TIPO_BENEFICIO], [RUT_EMPLEADOR], [NOMBRE_EMPLEADOR], [FECHA_RECONOCIMIENTO], [TRAMO], [MONTO_BENEFICIO], [CODIGO_ESTADO_TUPLA], [GLOSA_ESTADO_TUPLA], [PROMEDIO_RENTA]) VALUES (10, N'20173625-0', N'PIZARRO ANTILEF JAVIERA PAZ', 6, N'HIJO INCLUIDO EL ADOPTADO Y EL HIJASTRO, ENTRE 18 Y 24 ANOS (EST.)', N'10031793-1', N'PIZARRO GONZALEZ RUBEN SANTOS', 1, N'TRABAJADOR DEPENDIENTE', 1, N'ASIGNACION FAMILIAR', N'69060900-2', N'ILUSTRE MUNICIPALIDAD DE VALPARAISO', CAST(N'2020-01-01' AS Date), 4, 0, 1, N'RECONOCIMIENTO VIGENTE', 789543)
GO
INSERT [dbo].[Funcionario] ([Id_Funcionario], [Activo], [Rut], [Apellidos], [Nombres], [Sexo], [EstadoCivil], [Fec_nacimiento], [Direccion], [RentaPromedio]) VALUES (1, 0, N'24631073-4', N'ACEVEDO GONZALEZ', N'FELIPE', 0, 0, NULL, N'Null', 25000)
GO
INSERT [dbo].[Funcionario] ([Id_Funcionario], [Activo], [Rut], [Apellidos], [Nombres], [Sexo], [EstadoCivil], [Fec_nacimiento], [Direccion], [RentaPromedio]) VALUES (2, 0, N'21866193-9', N'ACEVEDO GONZALEZ', N'KEVIN', 0, 0, NULL, N'Null', 8000)
GO
INSERT [dbo].[Funcionario] ([Id_Funcionario], [Activo], [Rut], [Apellidos], [Nombres], [Sexo], [EstadoCivil], [Fec_nacimiento], [Direccion], [RentaPromedio]) VALUES (3, 0, N'21192170-6', N'ACEVEDO GONZALEZ', N'YISELLE', 0, 0, NULL, N'Null', 49846)
GO
INSERT [dbo].[Funcionario] ([Id_Funcionario], [Activo], [Rut], [Apellidos], [Nombres], [Sexo], [EstadoCivil], [Fec_nacimiento], [Direccion], [RentaPromedio]) VALUES (4, 0, N'19775610-1', N'CAYUPI LOPEZ', N'CAMILA ANDREA', 0, 0, NULL, N'Null', 120000)
GO
INSERT [dbo].[Funcionario] ([Id_Funcionario], [Activo], [Rut], [Apellidos], [Nombres], [Sexo], [EstadoCivil], [Fec_nacimiento], [Direccion], [RentaPromedio]) VALUES (5, 0, N'20476169-8', N'DE LA PAZ CARTER', N'FRANCISCA JAVIERA', 0, 0, NULL, N'Null', 795423)
GO
INSERT [dbo].[Funcionario] ([Id_Funcionario], [Activo], [Rut], [Apellidos], [Nombres], [Sexo], [EstadoCivil], [Fec_nacimiento], [Direccion], [RentaPromedio]) VALUES (6, 0, N'27276412-3', N'PU?O CABELLO', N'ARIEL LUCIANO', 0, 0, NULL, N'Null', 78054)
GO
INSERT [dbo].[Funcionario] ([Id_Funcionario], [Activo], [Rut], [Apellidos], [Nombres], [Sexo], [EstadoCivil], [Fec_nacimiento], [Direccion], [RentaPromedio]) VALUES (7, 0, N'20173329-4', N'MARTINEZ LEON', N'ANDREA VALERIA', 0, 0, NULL, N'Null', 69822)
GO
INSERT [dbo].[Funcionario] ([Id_Funcionario], [Activo], [Rut], [Apellidos], [Nombres], [Sexo], [EstadoCivil], [Fec_nacimiento], [Direccion], [RentaPromedio]) VALUES (8, 0, N'20732930-4', N'ALCORCE ARREDONDO', N'BELEN CAMILA', 0, 0, NULL, N'Null', 498864)
GO
INSERT [dbo].[Funcionario] ([Id_Funcionario], [Activo], [Rut], [Apellidos], [Nombres], [Sexo], [EstadoCivil], [Fec_nacimiento], [Direccion], [RentaPromedio]) VALUES (9, 0, N'25431327-0', N'VEGA VALENZUELA', N'ALONSO FACUNDO', 0, 0, NULL, N'Null', 65454)
GO
INSERT [dbo].[Funcionario] ([Id_Funcionario], [Activo], [Rut], [Apellidos], [Nombres], [Sexo], [EstadoCivil], [Fec_nacimiento], [Direccion], [RentaPromedio]) VALUES (10, 0, N'20173625-0', N'ANTILEF PIZARRO', N'PAZ JAVIERA', 0, 0, NULL, N'Null', 789543)
GO
ALTER TABLE [dbo].[Causante]  WITH CHECK ADD  CONSTRAINT [FK_Causante_Asignacion_Familiar] FOREIGN KEY([TRAMO])
REFERENCES [dbo].[Asignacion_Familiar] ([Tramo])
GO
ALTER TABLE [dbo].[Causante] CHECK CONSTRAINT [FK_Causante_Asignacion_Familiar]
GO
ALTER TABLE [dbo].[Funcionario]  WITH CHECK ADD  CONSTRAINT [FK_Funcionario_Causante] FOREIGN KEY([Id_Funcionario])
REFERENCES [dbo].[Causante] ([NUM_CORRELATIVO])
GO
ALTER TABLE [dbo].[Funcionario] CHECK CONSTRAINT [FK_Funcionario_Causante]
GO
USE [master]
GO
ALTER DATABASE [Municipalidad] SET  READ_WRITE 
GO
